id,session_id,timestamp,hex_id,data
17226,23,1756868234186,0x200,03 52 00 00 00 00
17227,23,1756868234186,0x201,00 00 00 00
17228,23,1756868234186,0x202,00 00
17229,23,1756868234186,0x220,00
17230,23,1756868234186,0x3f2,00
17231,23,1756868234219,0x200,03 41 00 00 00 00
17232,23,1756868234219,0x201,00 00 00 00
17233,23,1756868234219,0x202,00 00
17234,23,1756868234219,0x220,00
17235,23,1756868234219,0x3f2,00
17236,23,1756868234254,0x200,03 32 00 00 00 00
17237,23,1756868234254,0x201,00 00 00 00
17238,23,1756868234254,0x202,00 00
17239,23,1756868234254,0x220,00
17240,23,1756868234254,0x3f2,00
17241,23,1756868234289,0x200,03 27 00 00 00 00
17242,23,1756868234289,0x201,00 00 00 00
17243,23,1756868234289,0x202,00 00
17244,23,1756868234289,0x220,00
17245,23,1756868234289,0x3f2,00
17246,23,1756868234322,0x200,03 21 00 00 00 00
17247,23,1756868234322,0x201,00 00 00 00
17248,23,1756868234322,0x202,00 00
17249,23,1756868234322,0x220,00
17250,23,1756868234322,0x3f2,00
17251,23,1756868234358,0x200,03 21 00 00 00 00
17252,23,1756868234358,0x201,00 00 00 00
17253,23,1756868234358,0x202,00 00
17254,23,1756868234358,0x220,00
17255,23,1756868234358,0x3f2,00
17256,23,1756868234393,0x200,03 26 00 00 00 00
17257,23,1756868234393,0x201,00 00 00 00
17258,23,1756868234393,0x202,00 00
17259,23,1756868234393,0x220,00
17260,23,1756868234393,0x3f2,00
17261,23,1756868234424,0x200,03 30 00 00 00 00
17262,23,1756868234424,0x201,00 00 00 00
17263,23,1756868234424,0x202,00 00
17264,23,1756868234424,0x220,00
17265,23,1756868234424,0x3f2,00
17266,23,1756868234460,0x200,03 3F 00 00 00 00
17267,23,1756868234460,0x201,00 00 00 00
17268,23,1756868234460,0x202,00 00
17269,23,1756868234460,0x220,00
17270,23,1756868234460,0x3f2,00
17271,23,1756868234493,0x200,03 4E 00 00 00 00
17272,23,1756868234493,0x201,00 00 00 00
17273,23,1756868234493,0x202,00 00
17274,23,1756868234493,0x220,00
17275,23,1756868234493,0x3f2,00
17276,23,1756868234525,0x200,03 5E 00 00 00 00
17277,23,1756868234525,0x201,00 00 00 00
17278,23,1756868234525,0x202,00 00
17279,23,1756868234525,0x220,00
17280,23,1756868234525,0x3f2,00
17281,23,1756868234561,0x200,03 6F 00 00 00 00
17282,23,1756868234561,0x201,00 00 00 00
17283,23,1756868234561,0x202,00 00
17284,23,1756868234561,0x220,00
17285,23,1756868234561,0x3f2,00
17286,23,1756868234594,0x200,03 7B 00 00 00 00
17287,23,1756868234594,0x201,00 00 00 00
17288,23,1756868234594,0x202,00 00
17289,23,1756868234594,0x220,00
17290,23,1756868234594,0x3f2,00
17291,23,1756868234626,0x200,03 82 00 00 00 00
17292,23,1756868234626,0x201,00 00 00 00
17293,23,1756868234626,0x202,00 00
17294,23,1756868234626,0x220,00
17295,23,1756868234626,0x3f2,00
17296,23,1756868234663,0x200,03 84 00 00 00 00
17297,23,1756868234663,0x201,00 00 00 00
17298,23,1756868234663,0x202,00 00
17299,23,1756868234663,0x220,00
17300,23,1756868234663,0x3f2,00
17301,23,1756868234697,0x200,03 80 00 00 00 00
17302,23,1756868234697,0x201,00 00 00 00
17303,23,1756868234697,0x202,00 00
17304,23,1756868234697,0x220,00
17305,23,1756868234697,0x3f2,00
17306,23,1756868234729,0x200,03 78 00 00 00 00
17307,23,1756868234729,0x201,00 00 00 00
17308,23,1756868234729,0x202,00 00
17309,23,1756868234729,0x220,00
17310,23,1756868234729,0x3f2,00
17311,23,1756868234764,0x200,03 6A 00 00 00 00
17312,23,1756868234764,0x201,00 00 00 00
17313,23,1756868234764,0x202,00 00
17314,23,1756868234764,0x220,00
17315,23,1756868234764,0x3f2,00
17316,23,1756868234799,0x200,03 5A 00 00 00 00
17317,23,1756868234799,0x201,00 00 00 00
17318,23,1756868234799,0x202,00 00
17319,23,1756868234799,0x220,00
17320,23,1756868234799,0x3f2,00
17321,23,1756868234832,0x200,03 49 00 00 00 00
17322,23,1756868234832,0x201,00 00 00 00
17323,23,1756868234832,0x202,00 00
17324,23,1756868234832,0x220,00
17325,23,1756868234832,0x3f2,00
17326,23,1756868234867,0x200,03 39 00 00 00 00
17327,23,1756868234867,0x201,00 00 00 00
17328,23,1756868234867,0x202,00 00
17329,23,1756868234867,0x220,00
17330,23,1756868234867,0x3f2,00
17331,23,1756868234900,0x200,03 2C 00 00 00 00
17332,23,1756868234900,0x201,00 00 00 00
17333,23,1756868234900,0x202,00 00
17334,23,1756868234900,0x220,00
17335,23,1756868234900,0x3f2,00
17336,23,1756868234931,0x200,03 24 00 00 00 00
17337,23,1756868234931,0x201,00 00 00 00
17338,23,1756868234931,0x202,00 00
17339,23,1756868234931,0x220,00
17340,23,1756868234931,0x3f2,00
17341,23,1756868234967,0x200,03 20 00 00 00 00
17342,23,1756868234967,0x201,00 00 00 00
17343,23,1756868234967,0x202,00 00
17344,23,1756868234967,0x220,00
17345,23,1756868234967,0x3f2,00
17346,23,1756868235000,0x200,03 22 00 00 00 00
17347,23,1756868235000,0x201,00 00 00 00
17348,23,1756868235000,0x202,00 00
17349,23,1756868235000,0x220,00
17350,23,1756868235000,0x3f2,00
17351,23,1756868235034,0x200,03 2A 00 00 00 00
17352,23,1756868235034,0x201,00 00 00 00
17353,23,1756868235034,0x202,00 00
17354,23,1756868235034,0x220,00
17355,23,1756868235034,0x3f2,00
17356,23,1756868235069,0x200,03 36 00 00 00 00
17357,23,1756868235069,0x201,00 00 00 00
17358,23,1756868235069,0x202,00 00
17359,23,1756868235069,0x220,00
17360,23,1756868235069,0x3f2,00
17361,23,1756868235102,0x200,03 45 00 00 00 00
17362,23,1756868235102,0x201,00 00 00 00
17363,23,1756868235102,0x202,00 00
17364,23,1756868235102,0x220,00
17365,23,1756868235102,0x3f2,00
17366,23,1756868235136,0x200,03 56 00 00 00 00
17367,23,1756868235136,0x201,00 00 00 00
17368,23,1756868235136,0x202,00 00
17369,23,1756868235136,0x220,00
17370,23,1756868235136,0x3f2,00
17371,23,1756868235170,0x200,03 67 00 00 00 00
17372,23,1756868235170,0x201,00 00 00 00
17373,23,1756868235170,0x202,00 00
17374,23,1756868235170,0x220,00
17375,23,1756868235170,0x3f2,00
17376,23,1756868235204,0x200,03 74 00 00 00 00
17377,23,1756868235204,0x201,00 00 00 00
17378,23,1756868235204,0x202,00 00
17379,23,1756868235204,0x220,00
17380,23,1756868235204,0x3f2,00
17381,23,1756868235238,0x200,03 7F 00 00 00 00
17382,23,1756868235238,0x201,00 00 00 00
17383,23,1756868235238,0x202,00 00
17384,23,1756868235238,0x220,00
17385,23,1756868235238,0x3f2,00
17386,23,1756868235272,0x200,03 84 00 00 00 00
17387,23,1756868235272,0x201,00 00 00 00
17388,23,1756868235272,0x202,00 00
17389,23,1756868235272,0x220,00
17390,23,1756868235272,0x3f2,00
17391,23,1756868235307,0x200,03 83 00 00 00 00
17392,23,1756868235307,0x201,00 00 00 00
17393,23,1756868235307,0x202,00 00
17394,23,1756868235307,0x220,00
17395,23,1756868235307,0x3f2,00
17396,23,1756868235341,0x200,03 7C 00 00 00 00
17397,23,1756868235341,0x201,00 00 00 00
17398,23,1756868235341,0x202,00 00
17399,23,1756868235341,0x220,00
17400,23,1756868235341,0x3f2,00
17401,23,1756868235374,0x200,03 72 00 00 00 00
17402,23,1756868235374,0x201,00 00 00 00
17403,23,1756868235374,0x202,00 00
17404,23,1756868235374,0x220,00
17405,23,1756868235374,0x3f2,00
17406,23,1756868235407,0x200,03 63 00 00 00 00
17407,23,1756868235407,0x201,00 00 00 00
17408,23,1756868235407,0x202,00 00
17409,23,1756868235407,0x220,00
17410,23,1756868235407,0x3f2,00
17411,23,1756868235441,0x200,03 52 00 00 00 00
17412,23,1756868235441,0x201,00 00 00 00
17413,23,1756868235441,0x202,00 00
17414,23,1756868235441,0x220,00
17415,23,1756868235441,0x3f2,00
17416,23,1756868235476,0x200,03 42 00 00 00 00
17417,23,1756868235476,0x201,00 00 00 00
17418,23,1756868235476,0x202,00 00
17419,23,1756868235476,0x220,00
17420,23,1756868235476,0x3f2,00
17421,23,1756868235510,0x200,03 33 00 00 00 00
17422,23,1756868235510,0x201,00 00 00 00
17423,23,1756868235510,0x202,00 00
17424,23,1756868235510,0x220,00
17425,23,1756868235510,0x3f2,00
17426,23,1756868235544,0x200,03 28 00 00 00 00
17427,23,1756868235544,0x201,00 00 00 00
17428,23,1756868235544,0x202,00 00
17429,23,1756868235544,0x220,00
17430,23,1756868235544,0x3f2,00
17431,23,1756868235577,0x200,03 21 00 00 00 00
17432,23,1756868235577,0x201,00 00 00 00
17433,23,1756868235577,0x202,00 00
17434,23,1756868235577,0x220,00
17435,23,1756868235577,0x3f2,00
17436,23,1756868235611,0x200,03 20 00 00 00 00
17437,23,1756868235611,0x201,00 00 00 00
17438,23,1756868235611,0x202,00 00
17439,23,1756868235611,0x220,00
17440,23,1756868235611,0x3f2,00
17441,23,1756868235645,0x200,03 25 00 00 00 00
17442,23,1756868235645,0x201,00 00 00 00
17443,23,1756868235645,0x202,00 00
17444,23,1756868235645,0x220,00
17445,23,1756868235645,0x3f2,00
17446,23,1756868235679,0x200,03 2F 00 00 00 00
17447,23,1756868235679,0x201,00 00 00 00
17448,23,1756868235679,0x202,00 00
17449,23,1756868235679,0x220,00
17450,23,1756868235679,0x3f2,00
17451,23,1756868235713,0x200,03 3D 00 00 00 00
17452,23,1756868235713,0x201,00 00 00 00
17453,23,1756868235713,0x202,00 00
17454,23,1756868235713,0x220,00
17455,23,1756868235713,0x3f2,00
17456,23,1756868235746,0x200,03 4D 00 00 00 00
17457,23,1756868235746,0x201,00 00 00 00
17458,23,1756868235746,0x202,00 00
17459,23,1756868235746,0x220,00
17460,23,1756868235746,0x3f2,00
17461,23,1756868235781,0x200,03 5E 00 00 00 00
17462,23,1756868235781,0x201,00 00 00 00
17463,23,1756868235781,0x202,00 00
17464,23,1756868235781,0x220,00
17465,23,1756868235781,0x3f2,00
17466,23,1756868235814,0x200,03 6D 00 00 00 00
17467,23,1756868235814,0x201,00 00 00 00
17468,23,1756868235814,0x202,00 00
17469,23,1756868235814,0x220,00
17470,23,1756868235814,0x3f2,00
17471,23,1756868235848,0x200,03 7A 00 00 00 00
17472,23,1756868235848,0x201,00 00 00 00
17473,23,1756868235848,0x202,00 00
17474,23,1756868235848,0x220,00
17475,23,1756868235848,0x3f2,00
17476,23,1756868235879,0x200,03 81 00 00 00 00
17477,23,1756868235879,0x201,00 00 00 00
17478,23,1756868235879,0x202,00 00
17479,23,1756868235879,0x220,00
17480,23,1756868235879,0x3f2,00
17481,23,1756868235914,0x200,03 84 00 00 00 00
17482,23,1756868235914,0x201,00 00 00 00
17483,23,1756868235914,0x202,00 00
17484,23,1756868235914,0x220,00
17485,23,1756868235914,0x3f2,00
17486,23,1756868235947,0x200,03 81 00 00 00 00
17487,23,1756868235947,0x201,00 00 00 00
17488,23,1756868235947,0x202,00 00
17489,23,1756868235947,0x220,00
17490,23,1756868235947,0x3f2,00
17491,23,1756868235982,0x200,03 79 00 00 00 00
17492,23,1756868235982,0x201,00 00 00 00
17493,23,1756868235982,0x202,00 00
17494,23,1756868235982,0x220,00
17495,23,1756868235982,0x3f2,00
17496,23,1756868236017,0x200,03 6B 00 00 00 00
17497,23,1756868236017,0x201,00 00 00 00
17498,23,1756868236017,0x202,00 00
17499,23,1756868236017,0x220,00
17500,23,1756868236017,0x3f2,00
17501,23,1756868236052,0x200,03 5B 00 00 00 00
17502,23,1756868236052,0x201,00 00 00 00
17503,23,1756868236052,0x202,00 00
17504,23,1756868236052,0x220,00
17505,23,1756868236052,0x3f2,00
17506,23,1756868236083,0x200,03 4C 00 00 00 00
17507,23,1756868236083,0x201,00 00 00 00
17508,23,1756868236083,0x202,00 00
17509,23,1756868236083,0x220,00
17510,23,1756868236083,0x3f2,00
17511,23,1756868236119,0x200,03 3A 00 00 00 00
17512,23,1756868236119,0x201,00 00 00 00
17513,23,1756868236119,0x202,00 00
17514,23,1756868236119,0x220,00
17515,23,1756868236119,0x3f2,00
17516,23,1756868236153,0x200,03 2D 00 00 00 00
17517,23,1756868236153,0x201,00 00 00 00
17518,23,1756868236153,0x202,00 00
17519,23,1756868236153,0x220,00
17520,23,1756868236153,0x3f2,00
17521,23,1756868236188,0x200,03 24 00 00 00 00
17522,23,1756868236188,0x201,00 00 00 00
17523,23,1756868236188,0x202,00 00
17524,23,1756868236188,0x220,00
17525,23,1756868236188,0x3f2,00
17526,23,1756868236221,0x200,03 20 00 00 00 00
17527,23,1756868236221,0x201,00 00 00 00
17528,23,1756868236221,0x202,00 00
17529,23,1756868236221,0x220,00
17530,23,1756868236221,0x3f2,00
17531,23,1756868236255,0x200,03 22 00 00 00 00
17532,23,1756868236255,0x201,00 00 00 00
17533,23,1756868236255,0x202,00 00
17534,23,1756868236255,0x220,00
17535,23,1756868236255,0x3f2,00
17536,23,1756868236290,0x200,03 2A 00 00 00 00
17537,23,1756868236290,0x201,00 00 00 00
17538,23,1756868236290,0x202,00 00
17539,23,1756868236290,0x220,00
17540,23,1756868236290,0x3f2,00
17541,23,1756868236324,0x200,03 35 00 00 00 00
17542,23,1756868236324,0x201,00 00 00 00
17543,23,1756868236324,0x202,00 00
17544,23,1756868236324,0x220,00
17545,23,1756868236324,0x3f2,00
17546,23,1756868236355,0x200,00 00 00 00 00 00
17547,23,1756868236355,0x201,00 00 00 00
17548,23,1756868236355,0x202,00 00
17549,23,1756868236355,0x220,00
17550,23,1756868236355,0x3f2,00
17551,23,1756868236388,0x200,03 53 00 00 00 00
17552,23,1756868236388,0x201,00 00 00 00
17553,23,1756868236388,0x202,00 00
17554,23,1756868236388,0x220,01
17555,23,1756868236388,0x3f2,00
17556,23,1756868236422,0x200,03 AF 00 0F 00 00
17557,23,1756868236422,0x201,00 00 00 00
17558,23,1756868236422,0x202,00 00
17559,23,1756868236422,0x220,01
17560,23,1756868236422,0x3f2,00
17561,23,1756868236460,0x200,04 21 00 1E 00 00
17562,23,1756868236460,0x201,00 00 00 00
17563,23,1756868236460,0x202,00 00
17564,23,1756868236460,0x220,01
17565,23,1756868236460,0x3f2,00
17566,23,1756868236493,0x200,04 99 00 2D 00 00
17567,23,1756868236493,0x201,00 00 00 00
17568,23,1756868236493,0x202,00 00
17569,23,1756868236493,0x220,01
17570,23,1756868236493,0x3f2,00
17571,23,1756868236527,0x200,05 14 00 3C 00 00
17572,23,1756868236527,0x201,00 00 00 00
17573,23,1756868236527,0x202,00 00
17574,23,1756868236527,0x220,01
17575,23,1756868236527,0x3f2,00
17576,23,1756868236561,0x200,05 8D 00 4B 00 00
17577,23,1756868236561,0x201,00 00 00 00
17578,23,1756868236561,0x202,00 00
17579,23,1756868236561,0x220,01
17580,23,1756868236561,0x3f2,00
17581,23,1756868236595,0x200,06 03 00 5A 00 00
17582,23,1756868236595,0x201,00 00 00 00
17583,23,1756868236595,0x202,00 00
17584,23,1756868236595,0x220,01
17585,23,1756868236595,0x3f2,00
17586,23,1756868236630,0x200,06 75 00 68 00 00
17587,23,1756868236630,0x201,00 00 00 00
17588,23,1756868236630,0x202,00 00
17589,23,1756868236630,0x220,01
17590,23,1756868236630,0x3f2,00
17591,23,1756868236664,0x200,06 E2 00 77 00 00
17592,23,1756868236664,0x201,00 00 00 00
17593,23,1756868236664,0x202,00 00
17594,23,1756868236664,0x220,01
17595,23,1756868236664,0x3f2,00
17596,23,1756868236698,0x200,07 4A 00 86 00 00
17597,23,1756868236698,0x201,00 00 00 00
17598,23,1756868236698,0x202,00 00
17599,23,1756868236698,0x220,01
17600,23,1756868236698,0x3f2,00
17601,23,1756868236731,0x200,07 AD 00 95 00 00
17602,23,1756868236731,0x201,00 00 00 00
17603,23,1756868236731,0x202,00 00
17604,23,1756868236731,0x220,01
17605,23,1756868236731,0x3f2,00
17606,23,1756868236764,0x200,08 0C 00 A4 00 00
17607,23,1756868236764,0x201,00 00 00 00
17608,23,1756868236764,0x202,00 00
17609,23,1756868236764,0x220,01
17610,23,1756868236764,0x3f2,00
17611,23,1756868236798,0x200,08 66 00 B3 00 00
17612,23,1756868236798,0x201,00 00 00 00
17613,23,1756868236798,0x202,00 00
17614,23,1756868236798,0x220,01
17615,23,1756868236798,0x3f2,00
17616,23,1756868236831,0x200,08 BD 00 C2 00 00
17617,23,1756868236831,0x201,00 00 00 00
17618,23,1756868236831,0x202,00 00
17619,23,1756868236831,0x220,01
17620,23,1756868236831,0x3f2,00
17621,23,1756868236866,0x200,09 0F 00 D1 00 00
17622,23,1756868236866,0x201,00 00 00 00
17623,23,1756868236866,0x202,00 00
17624,23,1756868236866,0x220,01
17625,23,1756868236866,0x3f2,00
17626,23,1756868236899,0x200,09 5E 00 E0 00 00
17627,23,1756868236899,0x201,00 00 00 00
17628,23,1756868236899,0x202,00 00
17629,23,1756868236899,0x220,01
17630,23,1756868236899,0x3f2,00
17631,23,1756868236932,0x200,09 A9 00 EF 00 00
17632,23,1756868236932,0x201,00 00 00 00
17633,23,1756868236932,0x202,00 00
17634,23,1756868236932,0x220,01
17635,23,1756868236932,0x3f2,00
17636,23,1756868236964,0x200,09 F2 00 FE 00 00
17637,23,1756868236964,0x201,00 00 00 00
17638,23,1756868236964,0x202,00 00
17639,23,1756868236964,0x220,01
17640,23,1756868236964,0x3f2,00
17641,23,1756868237000,0x200,0A 38 01 0C 00 00
17642,23,1756868237000,0x201,00 00 00 00
17643,23,1756868237000,0x202,00 00
17644,23,1756868237000,0x220,01
17645,23,1756868237000,0x3f2,00
17646,23,1756868237035,0x200,0A 7B 01 1B 00 00
17647,23,1756868237035,0x201,00 00 00 00
17648,23,1756868237035,0x202,00 00
17649,23,1756868237035,0x220,01
17650,23,1756868237035,0x3f2,00
17651,23,1756868237068,0x200,0A BC 01 2A 00 00
17652,23,1756868237068,0x201,00 00 00 00
17653,23,1756868237068,0x202,00 00
17654,23,1756868237068,0x220,01
17655,23,1756868237068,0x3f2,00
17656,23,1756868237101,0x200,0A FB 01 39 00 00
17657,23,1756868237101,0x201,00 00 00 00
17658,23,1756868237101,0x202,00 00
17659,23,1756868237101,0x220,01
17660,23,1756868237101,0x3f2,00
17661,23,1756868237133,0x200,0B 38 01 48 00 00
17662,23,1756868237133,0x201,00 00 00 00
17663,23,1756868237133,0x202,00 00
17664,23,1756868237133,0x220,01
17665,23,1756868237133,0x3f2,00
17666,23,1756868237163,0x200,0B 73 01 57 00 00
17667,23,1756868237163,0x201,00 00 00 00
17668,23,1756868237163,0x202,00 00
17669,23,1756868237163,0x220,01
17670,23,1756868237163,0x3f2,00
17671,23,1756868237198,0x200,0B AC 01 66 00 00
17672,23,1756868237198,0x201,00 00 00 00
17673,23,1756868237198,0x202,00 00
17674,23,1756868237198,0x220,01
17675,23,1756868237198,0x3f2,00
17676,23,1756868237235,0x200,0B E4 01 75 00 00
17677,23,1756868237235,0x201,00 00 00 00
17678,23,1756868237235,0x202,00 00
17679,23,1756868237235,0x220,01
17680,23,1756868237235,0x3f2,00
17681,23,1756868237265,0x200,0C 1A 01 83 00 00
17682,23,1756868237265,0x201,00 00 00 00
17683,23,1756868237265,0x202,00 00
17684,23,1756868237265,0x220,01
17685,23,1756868237265,0x3f2,00
17686,23,1756868237300,0x200,0C 4F 01 92 00 00
17687,23,1756868237300,0x201,00 00 00 00
17688,23,1756868237300,0x202,00 00
17689,23,1756868237300,0x220,01
17690,23,1756868237300,0x3f2,00
17691,23,1756868237336,0x200,0C 83 01 A1 00 00
17692,23,1756868237336,0x201,00 00 00 00
17693,23,1756868237336,0x202,00 00
17694,23,1756868237336,0x220,01
17695,23,1756868237336,0x3f2,00
17696,23,1756868237371,0x200,0C B5 01 B0 00 00
17697,23,1756868237371,0x201,00 00 00 00
17698,23,1756868237371,0x202,00 00
17699,23,1756868237371,0x220,01
17700,23,1756868237371,0x3f2,00
17701,23,1756868237404,0x200,0C E6 01 BF 00 00
17702,23,1756868237404,0x201,00 00 00 00
17703,23,1756868237404,0x202,00 00
17704,23,1756868237404,0x220,01
17705,23,1756868237404,0x3f2,00
17706,23,1756868237436,0x200,0D 17 01 CE 00 00
17707,23,1756868237436,0x201,00 00 00 00
17708,23,1756868237436,0x202,00 00
17709,23,1756868237436,0x220,01
17710,23,1756868237436,0x3f2,00
17711,23,1756868237473,0x200,0D 46 01 DD 00 00
17712,23,1756868237473,0x201,00 00 00 00
17713,23,1756868237473,0x202,00 00
17714,23,1756868237473,0x220,01
17715,23,1756868237473,0x3f2,00
17716,23,1756868237506,0x200,0D 74 01 EB 00 00
17717,23,1756868237506,0x201,00 00 00 00
17718,23,1756868237506,0x202,00 00
17719,23,1756868237506,0x220,01
17720,23,1756868237506,0x3f2,00
17721,23,1756868237539,0x200,0D A2 01 FA 00 00
17722,23,1756868237539,0x201,00 00 00 00
17723,23,1756868237539,0x202,00 00
17724,23,1756868237539,0x220,01
17725,23,1756868237539,0x3f2,00
17726,23,1756868237573,0x200,0D CF 02 09 00 00
17727,23,1756868237573,0x201,00 00 00 00
17728,23,1756868237573,0x202,00 00
17729,23,1756868237573,0x220,01
17730,23,1756868237573,0x3f2,00
17731,23,1756868237607,0x200,0D FB 02 18 00 00
17732,23,1756868237607,0x201,00 00 00 00
17733,23,1756868237607,0x202,00 00
17734,23,1756868237607,0x220,01
17735,23,1756868237607,0x3f2,00
17736,23,1756868237641,0x200,0E 26 02 27 00 00
17737,23,1756868237641,0x201,00 00 00 00
17738,23,1756868237641,0x202,00 00
17739,23,1756868237641,0x220,01
17740,23,1756868237641,0x3f2,00
17741,23,1756868237675,0x200,0E 51 02 36 00 00
17742,23,1756868237675,0x201,00 00 00 00
17743,23,1756868237675,0x202,00 00
17744,23,1756868237675,0x220,01
17745,23,1756868237675,0x3f2,00
17746,23,1756868237709,0x200,0E 7A 02 45 00 00
17747,23,1756868237709,0x201,00 00 00 00
17748,23,1756868237709,0x202,00 00
17749,23,1756868237709,0x220,01
17750,23,1756868237709,0x3f2,00
17751,23,1756868237744,0x200,0E A4 02 53 00 00
17752,23,1756868237744,0x201,00 00 00 00
17753,23,1756868237744,0x202,00 00
17754,23,1756868237744,0x220,01
17755,23,1756868237744,0x3f2,00
17756,23,1756868237777,0x200,0E CC 02 62 00 00
17757,23,1756868237777,0x201,00 00 00 00
17758,23,1756868237777,0x202,00 00
17759,23,1756868237777,0x220,01
17760,23,1756868237777,0x3f2,00
17761,23,1756868237811,0x200,0E F4 02 71 00 00
17762,23,1756868237811,0x201,00 00 00 00
17763,23,1756868237811,0x202,00 00
17764,23,1756868237811,0x220,01
17765,23,1756868237811,0x3f2,00
17766,23,1756868237845,0x200,0F 1C 02 80 00 00
17767,23,1756868237845,0x201,00 00 00 00
17768,23,1756868237845,0x202,00 00
17769,23,1756868237845,0x220,01
17770,23,1756868237845,0x3f2,00
17771,23,1756868237879,0x200,0F 43 02 8F 00 00
17772,23,1756868237879,0x201,00 00 00 00
17773,23,1756868237879,0x202,00 00
17774,23,1756868237879,0x220,01
17775,23,1756868237879,0x3f2,00
17776,23,1756868237914,0x200,0F 69 02 9E 00 00
17777,23,1756868237914,0x201,00 00 00 00
17778,23,1756868237914,0x202,00 00
17779,23,1756868237914,0x220,01
17780,23,1756868237914,0x3f2,00
17781,23,1756868237947,0x200,0F 8F 02 AC 00 00
17782,23,1756868237947,0x201,00 00 00 00
17783,23,1756868237947,0x202,00 00
17784,23,1756868237947,0x220,01
17785,23,1756868237947,0x3f2,00
17786,23,1756868237981,0x200,0F B5 02 BB 00 00
17787,23,1756868237981,0x201,00 00 00 00
17788,23,1756868237981,0x202,00 00
17789,23,1756868237981,0x220,01
17790,23,1756868237981,0x3f2,00
17791,23,1756868238015,0x200,0F DA 02 CA 00 00
17792,23,1756868238015,0x201,00 00 00 00
17793,23,1756868238015,0x202,00 00
17794,23,1756868238015,0x220,01
17795,23,1756868238015,0x3f2,00
17796,23,1756868238047,0x200,0F FE 02 D9 00 00
17797,23,1756868238047,0x201,00 00 00 00
17798,23,1756868238047,0x202,00 00
17799,23,1756868238047,0x220,01
17800,23,1756868238047,0x3f2,00
17801,23,1756868238082,0x200,10 23 02 E8 00 00
17802,23,1756868238082,0x201,00 00 00 00
17803,23,1756868238082,0x202,00 00
17804,23,1756868238082,0x220,01
17805,23,1756868238082,0x3f2,00
17806,23,1756868238114,0x200,10 46 02 F6 00 00
17807,23,1756868238114,0x201,00 00 00 00
17808,23,1756868238114,0x202,00 00
17809,23,1756868238114,0x220,01
17810,23,1756868238114,0x3f2,00
17811,23,1756868238148,0x200,10 6A 03 05 00 00
17812,23,1756868238148,0x201,00 00 00 00
17813,23,1756868238148,0x202,00 00
17814,23,1756868238148,0x220,01
17815,23,1756868238148,0x3f2,00
17816,23,1756868238184,0x200,10 8D 03 14 00 00
17817,23,1756868238184,0x201,00 00 00 00
17818,23,1756868238184,0x202,00 00
17819,23,1756868238184,0x220,01
17820,23,1756868238184,0x3f2,00
17821,23,1756868238218,0x200,10 AF 03 23 00 00
17822,23,1756868238218,0x201,00 00 00 00
17823,23,1756868238218,0x202,00 00
17824,23,1756868238218,0x220,01
17825,23,1756868238218,0x3f2,00
17826,23,1756868238251,0x200,10 D2 03 32 00 00
17827,23,1756868238251,0x201,00 00 00 00
17828,23,1756868238251,0x202,00 00
17829,23,1756868238251,0x220,01
17830,23,1756868238251,0x3f2,00
17831,23,1756868238287,0x200,10 F4 03 40 00 00
17832,23,1756868238287,0x201,00 00 00 00
17833,23,1756868238287,0x202,00 00
17834,23,1756868238287,0x220,01
17835,23,1756868238287,0x3f2,00
17836,23,1756868238320,0x200,11 15 03 4F 00 00
17837,23,1756868238320,0x201,00 00 00 00
17838,23,1756868238320,0x202,00 00
17839,23,1756868238320,0x220,01
17840,23,1756868238320,0x3f2,00
17841,23,1756868238352,0x200,11 36 03 5E 00 00
17842,23,1756868238352,0x201,00 00 00 00
17843,23,1756868238352,0x202,00 00
17844,23,1756868238352,0x220,01
17845,23,1756868238352,0x3f2,00
17846,23,1756868238387,0x200,11 57 03 6D 00 00
17847,23,1756868238387,0x201,00 00 00 00
17848,23,1756868238387,0x202,00 00
17849,23,1756868238387,0x220,01
17850,23,1756868238387,0x3f2,00
17851,23,1756868238421,0x200,11 78 03 7C 00 00
17852,23,1756868238421,0x201,00 00 00 00
17853,23,1756868238421,0x202,00 00
17854,23,1756868238421,0x220,01
17855,23,1756868238421,0x3f2,00
17856,23,1756868238454,0x200,11 98 03 8A 00 00
17857,23,1756868238454,0x201,00 00 00 00
17858,23,1756868238454,0x202,00 00
17859,23,1756868238454,0x220,01
17860,23,1756868238454,0x3f2,00
17861,23,1756868238488,0x200,11 B8 03 99 00 00
17862,23,1756868238488,0x201,00 00 00 00
17863,23,1756868238488,0x202,00 00
17864,23,1756868238488,0x220,01
17865,23,1756868238488,0x3f2,00
17866,23,1756868238521,0x200,11 D8 03 A8 00 00
17867,23,1756868238521,0x201,00 00 00 00
17868,23,1756868238521,0x202,00 00
17869,23,1756868238521,0x220,01
17870,23,1756868238521,0x3f2,00
17871,23,1756868238555,0x200,11 F8 03 B7 00 00
17872,23,1756868238555,0x201,00 00 00 00
17873,23,1756868238555,0x202,00 00
17874,23,1756868238555,0x220,01
17875,23,1756868238555,0x3f2,00
17876,23,1756868238589,0x200,12 17 03 C5 00 00
17877,23,1756868238589,0x201,00 00 00 00
17878,23,1756868238589,0x202,00 00
17879,23,1756868238589,0x220,01
17880,23,1756868238589,0x3f2,00
17881,23,1756868238623,0x200,12 36 03 D4 00 00
17882,23,1756868238623,0x201,00 00 00 00
17883,23,1756868238623,0x202,00 00
17884,23,1756868238623,0x220,01
17885,23,1756868238623,0x3f2,00
17886,23,1756868238657,0x200,12 54 03 E3 00 00
17887,23,1756868238657,0x201,00 00 00 00
17888,23,1756868238657,0x202,00 00
17889,23,1756868238657,0x220,01
17890,23,1756868238657,0x3f2,00
17891,23,1756868238690,0x200,12 73 03 F2 00 00
17892,23,1756868238690,0x201,00 00 00 00
17893,23,1756868238690,0x202,00 00
17894,23,1756868238690,0x220,01
17895,23,1756868238690,0x3f2,00
17896,23,1756868238721,0x200,12 91 04 01 00 00
17897,23,1756868238721,0x201,00 00 00 00
17898,23,1756868238721,0x202,00 00
17899,23,1756868238721,0x220,01
17900,23,1756868238721,0x3f2,00
17901,23,1756868238755,0x200,12 AF 04 0F 00 00
17902,23,1756868238755,0x201,00 00 00 00
17903,23,1756868238755,0x202,00 00
17904,23,1756868238755,0x220,01
17905,23,1756868238755,0x3f2,00
17906,23,1756868238789,0x200,12 CD 04 1E 00 00
17907,23,1756868238789,0x201,00 00 00 00
17908,23,1756868238789,0x202,00 00
17909,23,1756868238789,0x220,01
17910,23,1756868238789,0x3f2,00
17911,23,1756868238826,0x200,12 EA 04 2D 00 00
17912,23,1756868238826,0x201,00 00 00 00
17913,23,1756868238826,0x202,00 00
17914,23,1756868238826,0x220,01
17915,23,1756868238826,0x3f2,00
17916,23,1756868238859,0x200,13 07 04 3C 00 00
17917,23,1756868238859,0x201,00 00 00 00
17918,23,1756868238859,0x202,00 00
17919,23,1756868238859,0x220,01
17920,23,1756868238859,0x3f2,00
17921,23,1756868238896,0x200,13 25 04 4A 00 00
17922,23,1756868238896,0x201,00 00 00 00
17923,23,1756868238896,0x202,00 00
17924,23,1756868238896,0x220,01
17925,23,1756868238896,0x3f2,00
17926,23,1756868238929,0x200,13 41 04 59 00 00
17927,23,1756868238929,0x201,00 00 00 00
17928,23,1756868238929,0x202,00 00
17929,23,1756868238929,0x220,01
17930,23,1756868238929,0x3f2,00
17931,23,1756868238961,0x200,13 5E 04 68 00 00
17932,23,1756868238961,0x201,00 00 00 00
17933,23,1756868238961,0x202,00 00
17934,23,1756868238961,0x220,01
17935,23,1756868238961,0x3f2,00
17936,23,1756868238995,0x200,13 7A 04 77 00 00
17937,23,1756868238995,0x201,00 00 00 00
17938,23,1756868238995,0x202,00 00
17939,23,1756868238995,0x220,01
17940,23,1756868238995,0x3f2,00
17941,23,1756868239027,0x200,13 97 04 85 00 00
17942,23,1756868239027,0x201,00 00 00 00
17943,23,1756868239027,0x202,00 00
17944,23,1756868239027,0x220,01
17945,23,1756868239027,0x3f2,00
17946,23,1756868239064,0x200,13 B3 04 94 00 00
17947,23,1756868239064,0x201,00 00 00 00
17948,23,1756868239064,0x202,00 00
17949,23,1756868239064,0x220,01
17950,23,1756868239064,0x3f2,00
17951,23,1756868239097,0x200,13 CF 04 A3 00 00
17952,23,1756868239097,0x201,00 00 00 00
17953,23,1756868239097,0x202,00 00
17954,23,1756868239097,0x220,01
17955,23,1756868239097,0x3f2,00
17956,23,1756868239131,0x200,13 EA 04 B2 00 00
17957,23,1756868239131,0x201,00 00 00 00
17958,23,1756868239131,0x202,00 00
17959,23,1756868239131,0x220,01
17960,23,1756868239131,0x3f2,00
17961,23,1756868239165,0x200,14 06 04 C0 00 00
17962,23,1756868239165,0x201,00 00 00 00
17963,23,1756868239165,0x202,00 00
17964,23,1756868239165,0x220,01
17965,23,1756868239165,0x3f2,00
17966,23,1756868239199,0x200,14 21 04 CF 00 00
17967,23,1756868239199,0x201,00 00 00 00
17968,23,1756868239199,0x202,00 00
17969,23,1756868239199,0x220,01
17970,23,1756868239199,0x3f2,00
17971,23,1756868239233,0x200,14 3C 04 DE 00 00
17972,23,1756868239233,0x201,00 00 00 00
17973,23,1756868239233,0x202,00 00
17974,23,1756868239233,0x220,01
17975,23,1756868239233,0x3f2,00
17976,23,1756868239267,0x200,14 57 04 EC 00 00
17977,23,1756868239267,0x201,00 00 00 00
17978,23,1756868239267,0x202,00 00
17979,23,1756868239267,0x220,01
17980,23,1756868239267,0x3f2,00
17981,23,1756868239303,0x200,14 72 04 FB 00 00
17982,23,1756868239303,0x201,00 00 00 00
17983,23,1756868239303,0x202,00 00
17984,23,1756868239303,0x220,01
17985,23,1756868239303,0x3f2,00
17986,23,1756868239335,0x200,14 8C 05 0A 00 00
17987,23,1756868239335,0x201,00 00 00 00
17988,23,1756868239335,0x202,00 00
17989,23,1756868239335,0x220,01
17990,23,1756868239335,0x3f2,00
17991,23,1756868239371,0x200,14 A7 05 19 00 00
17992,23,1756868239371,0x201,00 00 00 00
17993,23,1756868239371,0x202,00 00
17994,23,1756868239371,0x220,01
17995,23,1756868239371,0x3f2,00
17996,23,1756868239404,0x200,14 C1 05 27 00 00
17997,23,1756868239404,0x201,00 00 00 00
17998,23,1756868239404,0x202,00 00
17999,23,1756868239404,0x220,01
18000,23,1756868239404,0x3f2,00
18001,23,1756868239438,0x200,14 DB 05 36 00 00
18002,23,1756868239438,0x201,00 00 00 00
18003,23,1756868239438,0x202,00 00
18004,23,1756868239438,0x220,01
18005,23,1756868239438,0x3f2,00
18006,23,1756868239472,0x200,14 F5 05 45 00 00
18007,23,1756868239472,0x201,00 00 00 00
18008,23,1756868239472,0x202,00 00
18009,23,1756868239472,0x220,01
18010,23,1756868239472,0x3f2,00
18011,23,1756868239504,0x200,15 0F 05 53 00 00
18012,23,1756868239504,0x201,00 00 00 00
18013,23,1756868239504,0x202,00 00
18014,23,1756868239504,0x220,01
18015,23,1756868239504,0x3f2,00
18016,23,1756868239538,0x200,15 29 05 62 00 00
18017,23,1756868239538,0x201,00 00 00 00
18018,23,1756868239538,0x202,00 00
18019,23,1756868239538,0x220,01
18020,23,1756868239538,0x3f2,00
18021,23,1756868239571,0x200,15 42 05 71 00 00
18022,23,1756868239571,0x201,00 00 00 00
18023,23,1756868239571,0x202,00 00
18024,23,1756868239571,0x220,01
18025,23,1756868239571,0x3f2,00
18026,23,1756868239604,0x200,15 5C 05 80 00 00
18027,23,1756868239604,0x201,00 00 00 00
18028,23,1756868239604,0x202,00 00
18029,23,1756868239604,0x220,01
18030,23,1756868239604,0x3f2,00
18031,23,1756868239640,0x200,15 75 05 8E 00 00
18032,23,1756868239640,0x201,00 00 00 00
18033,23,1756868239640,0x202,00 00
18034,23,1756868239640,0x220,01
18035,23,1756868239640,0x3f2,00
18036,23,1756868239672,0x200,15 8E 05 9D 00 00
18037,23,1756868239672,0x201,00 00 00 00
18038,23,1756868239672,0x202,00 00
18039,23,1756868239672,0x220,01
18040,23,1756868239672,0x3f2,00
18041,23,1756868239705,0x200,15 A7 05 AC 00 00
18042,23,1756868239705,0x201,00 00 00 00
18043,23,1756868239705,0x202,00 00
18044,23,1756868239705,0x220,01
18045,23,1756868239705,0x3f2,00
18046,23,1756868239743,0x200,15 C0 05 BA 00 00
18047,23,1756868239743,0x201,00 00 00 00
18048,23,1756868239743,0x202,00 00
18049,23,1756868239743,0x220,01
18050,23,1756868239743,0x3f2,00
18051,23,1756868239776,0x200,15 D8 05 C9 00 00
18052,23,1756868239776,0x201,00 00 00 00
18053,23,1756868239776,0x202,00 00
18054,23,1756868239776,0x220,01
18055,23,1756868239776,0x3f2,00
18056,23,1756868239810,0x200,15 F1 05 D8 00 00
18057,23,1756868239810,0x201,00 00 00 00
18058,23,1756868239810,0x202,00 00
18059,23,1756868239810,0x220,01
18060,23,1756868239810,0x3f2,00
18061,23,1756868239843,0x200,16 09 05 E6 00 00
18062,23,1756868239843,0x201,00 00 00 00
18063,23,1756868239843,0x202,00 00
18064,23,1756868239843,0x220,01
18065,23,1756868239843,0x3f2,00
18066,23,1756868239877,0x200,16 21 05 F5 00 00
18067,23,1756868239877,0x201,00 00 00 00
18068,23,1756868239877,0x202,00 00
18069,23,1756868239877,0x220,01
18070,23,1756868239877,0x3f2,00
18071,23,1756868239912,0x200,16 3A 06 04 00 00
18072,23,1756868239912,0x201,00 00 00 00
18073,23,1756868239912,0x202,00 00
18074,23,1756868239912,0x220,01
18075,23,1756868239912,0x3f2,00
18076,23,1756868239943,0x200,16 52 06 12 00 00
18077,23,1756868239943,0x201,00 00 00 00
18078,23,1756868239943,0x202,00 00
18079,23,1756868239943,0x220,01
18080,23,1756868239943,0x3f2,00
18081,23,1756868239978,0x200,16 6A 06 21 00 00
18082,23,1756868239978,0x201,00 00 00 00
18083,23,1756868239978,0x202,00 00
18084,23,1756868239978,0x220,01
18085,23,1756868239978,0x3f2,00
18086,23,1756868240010,0x200,16 81 06 30 00 00
18087,23,1756868240010,0x201,00 00 00 00
18088,23,1756868240010,0x202,00 00
18089,23,1756868240010,0x220,01
18090,23,1756868240010,0x3f2,00
18091,23,1756868240045,0x200,16 99 06 3E 00 00
18092,23,1756868240045,0x201,00 00 00 00
18093,23,1756868240045,0x202,00 00
18094,23,1756868240045,0x220,01
18095,23,1756868240045,0x3f2,00
18096,23,1756868240079,0x200,16 B1 06 4D 00 00
18097,23,1756868240079,0x201,00 00 00 00
18098,23,1756868240079,0x202,00 00
18099,23,1756868240079,0x220,01
18100,23,1756868240079,0x3f2,00
18101,23,1756868240111,0x200,16 C8 06 5C 00 00
18102,23,1756868240111,0x201,00 00 00 00
18103,23,1756868240111,0x202,00 00
18104,23,1756868240111,0x220,01
18105,23,1756868240111,0x3f2,00
18106,23,1756868240146,0x200,16 DF 06 6A 00 00
18107,23,1756868240146,0x201,00 00 00 00
18108,23,1756868240146,0x202,00 00
18109,23,1756868240146,0x220,01
18110,23,1756868240146,0x3f2,00
18111,23,1756868240180,0x200,16 F6 06 79 00 00
18112,23,1756868240180,0x201,00 00 00 00
18113,23,1756868240180,0x202,00 00
18114,23,1756868240180,0x220,01
18115,23,1756868240180,0x3f2,00
18116,23,1756868240214,0x200,17 0E 06 88 00 00
18117,23,1756868240214,0x201,00 00 00 00
18118,23,1756868240214,0x202,00 00
18119,23,1756868240214,0x220,01
18120,23,1756868240214,0x3f2,00
18121,23,1756868240249,0x200,17 25 06 96 00 00
18122,23,1756868240249,0x201,00 00 00 00
18123,23,1756868240249,0x202,00 00
18124,23,1756868240249,0x220,01
18125,23,1756868240249,0x3f2,00
18126,23,1756868240281,0x200,17 3B 06 A5 00 00
18127,23,1756868240281,0x201,00 00 00 00
18128,23,1756868240281,0x202,00 00
18129,23,1756868240281,0x220,01
18130,23,1756868240281,0x3f2,00
18131,23,1756868240316,0x200,17 52 06 B4 00 00
18132,23,1756868240316,0x201,00 00 00 00
18133,23,1756868240316,0x202,00 00
18134,23,1756868240316,0x220,01
18135,23,1756868240316,0x3f2,00